{
   "lessVars": {
      "sk-page-font": "null, null, 12px, 'Lato'",
      "sk-page-color": "#37444e",
      "sk-font-family": "'Lato'",
      "sk-pagetitle-maintitle-font": "normal, 400, 18px, 'Lato'",
      "sk-pagetitle-maintitle-color": "#37444e",
      "sk-pagetitle-maintitle-text-transform": "none",
      "sk-fieldeditor-item-font": "normal, normal, 12px, null",
      "sk-fieldeditor-fieldtext-color": "#37444e",
      "sk-tabset-nav-background": "#1cbdd4",
      "sk-tabset-tab-font": "normal, normal, 14px, null",
      "sk-tabset-tab-text-transform": "none",
      "sk-tabset-tab-active-background": "#1cbdd4",
      "sk-tabset-tab-active-border": "0px solid transparent, 0px none black, 4px solid #a1f2fe, 0px none black",
      "sk-tabset-tab-active-color": "white",
      "sk-tabset-tab-color": "white",
      "sk-tabset-tab-border": "0px solid transparent, 0px solid black, 4px solid transparent, 0px solid black",
      "sk-tabset-tab-hover-color": "white",
      "sk-tabset-tab-hover-border": "0px solid transparent, 0px none transparent, 4px solid #1cbdd4, 0px none transparent",
      "sk-fieldeditor-item-label-font": "null, 400, 1em, null",
      "sk-fieldeditor-item-label-color": "#37444e",
      "sk-pagetitle-maintitle-decoration": "none",
      "sk-fieldeditor-item-border-bottom": "1px solid #ebeef0",
      "sk-fieldeditor-fieldtext-padding": "7px 5px 5px 6px",
      "sk-fieldeditor-item-label-padding": "10px 0px 10px 0px",
      "sk-pagetitle-maintitle-padding": "0px 0px 0px 18px",
      "sk-fieldeditor-section-header-font": "normal, 700, 14px, null",
      "sk-fieldeditor-section-header-color": "#37444e",
      "sk-fieldeditor-section-header-decoration": "none",
      "sk-table-header-font": "normal, normal, 12px, 'Lato'",
      "sk-table-header-color": "rgb(84, 105, 141)",
      "sk-table-header-text-transform": "none",
      "sk-table-font": "normal, normal, 12px, 'Lato'",
      "sk-table-color": "#37444e",
      "sk-table-foot-color": "#37444e",
      "sk-table-foot-text-size": "1em",
      "sk-table-foot-text-transform": "none",
      "sk-table-footer-color": "#37444e",
      "sk-table-foot-type-color": "#AAA",
      "sk-editor-searchbox-color": "#37444e",
      "sk-button-font": "normal, normal, 12px, null",
      "sk-button-text-transform": "none",
      "sk-button-color": "white",
      "sk-button-background": "#48ce94",
      "sk-button-border": "0px none #0070d2",
      "sk-button-hover-background": "#48ce94",
      "sk-button-hover-border": "1px none #005fb2",
      "sk-button-active-background": "#48ce94",
      "sk-button-active-border": "1px none black",
      "sk-button-active-color": "white",
      "sk-actionselect-actionbutton-background": "#48ce94",
      "sk-actionselect-border": "0px solid #0070d2",
      "sk-actionselect-hover-background": "#48ce94",
      "sk-button-secondary-background": "#ffa21d",
      "sk-button-secondary-color": "white",
      "sk-button-secondary-border": "0px solid #d8dde6",
      "sk-button-secondary-hover-background": "#ffa21d",
      "sk-button-secondary-hover-color": "white",
      "sk-button-secondary-hover-border": "0px solid #d8dde6",
      "sk-button-secondary-active-background": "#ffa21d",
      "sk-button-secondary-active-color": "white",
      "sk-button-secondary-active-border": "0px solid black",
      "sk-wizard-editor-header-title-font": "null, 400, 12px, null",
      "sk-wizard-editor-header-title-color": "#37444e",
      "sk-queue-item-font": "normal, normal, 12px, null",
      "sk-queue-item-color": "white",
      "sk-queue-item-background": "#7f7f7f",
      "sk-queue-item-hover-background": "#2d507a",
      "sk-ui-dialog-title-font": "normal, 300, 14px, 'Lato'",
      "sk-ui-dialog-title-color": "#37444e",
      "sk-message-error-inline-font": "italic, normal, 1em, null",
      "sk-message-error-inline-color": "#D1584F",
      "sk-message-status-font": "normal, normal, 1em, null",
      "sk-message-status-color": "#0070d2",
      "sk-message-error-font": "normal, 400, 18px, null",
      "sk-message-error-color": "white",
      "sk-page-link-color": "#0070d2"
   },
   "webFonts": {
      "custom": [
         {
            "name": "SalesForce Sans",
            "url": "/resource/skuid__Fonts/sfsans/sfsans.css",
            "localurl": "/resource/skuid__Fonts/sfsans/sfsans.css"
         }
      ],
      "google": [
         {
            "name": "'Lato'",
            "url": "https://fonts.googleapis.com/css?family=Lato&subset=latin,latin-ext"
         }
      ]
   },
   "cssResources": [],
   "iconsets": {
      "sk-icon": {
         "label": "Standard",
         "icons": {
            "sk-icon-account-profile": {},
            "sk-icon-account-transfer": {},
            "sk-icon-activities": {},
            "sk-icon-add": {},
            "sk-icon-add-reference": {},
            "sk-icon-arrow-left": {},
            "sk-icon-arrow-right": {},
            "sk-icon-assets": {},
            "sk-icon-attachment-view": {},
            "sk-icon-attachments": {},
            "sk-icon-calendar": {},
            "sk-icon-campaign": {},
            "sk-icon-cancel": {},
            "sk-icon-case": {},
            "sk-icon-case-close": {},
            "sk-icon-clone": {},
            "sk-icon-close": {},
            "sk-icon-comments": {},
            "sk-icon-component-pack": {},
            "sk-icon-config": {},
            "sk-icon-configure": {},
            "sk-icon-contact": {},
            "sk-icon-convert": {},
            "sk-icon-delete": {},
            "sk-icon-dollar": {},
            "sk-icon-edit": {},
            "sk-icon-employment-info": {},
            "sk-icon-error": {},
            "sk-icon-escalate": {},
            "sk-icon-export": {},
            "sk-icon-feed": {},
            "sk-icon-file-view": {},
            "sk-icon-generate-assets": {},
            "sk-icon-go-to-full-detail-page": {},
            "sk-icon-help": {},
            "sk-icon-helpful-links": {},
            "sk-icon-hierarchy": {},
            "sk-icon-history": {},
            "sk-icon-import": {},
            "sk-icon-important": {},
            "sk-icon-key-people": {},
            "sk-icon-lead": {},
            "sk-icon-listview": {},
            "sk-icon-magic": {},
            "sk-icon-mark-completed": {},
            "sk-icon-members": {},
            "sk-icon-merge": {},
            "sk-icon-money": {},
            "sk-icon-note": {},
            "sk-icon-notes-and-attachments": {},
            "sk-icon-opportunities": {},
            "sk-icon-page-add": {},
            "sk-icon-page-edit": {},
            "sk-icon-page-export": {},
            "sk-icon-page-import": {},
            "sk-icon-page-package": {},
            "sk-icon-partners": {},
            "sk-icon-personal-info": {},
            "sk-icon-phone": {},
            "sk-icon-phone-call": {},
            "sk-icon-photoview": {},
            "sk-icon-popup": {},
            "sk-icon-preview": {},
            "sk-icon-prices": {},
            "sk-icon-product": {},
            "sk-icon-refresh": {},
            "sk-icon-remove-reference": {},
            "sk-icon-return": {},
            "sk-icon-save": {},
            "sk-icon-search": {},
            "sk-icon-send-email": {},
            "sk-icon-share": {},
            "sk-icon-solutions": {},
            "sk-icon-table-edit": {},
            "sk-icon-tasks-completed": {},
            "sk-icon-tasks-open": {},
            "sk-icon-transfer": {},
            "sk-icon-upload": {},
            "sk-icon-versions": {},
            "sk-icon-voice-mail": {},
            "sk-icon-web-conference": {},
            "sk-icon-world": {}
         }
      },
      "fa": {
         "label": "Font Awesome",
         "icons": {
            "fa-adjust": {},
            "fa-adn": {},
            "fa-align-center": {},
            "fa-align-justify": {},
            "fa-align-left": {},
            "fa-align-right": {},
            "fa-ambulance": {},
            "fa-anchor": {},
            "fa-android": {},
            "fa-angle-double-down": {},
            "fa-angle-double-left": {},
            "fa-angle-double-right": {},
            "fa-angle-double-up": {},
            "fa-angle-down": {},
            "fa-angle-left": {},
            "fa-angle-right": {},
            "fa-angle-up": {},
            "fa-apple": {},
            "fa-archive": {},
            "fa-arrow-circle-down": {},
            "fa-arrow-circle-left": {},
            "fa-arrow-circle-o-down": {},
            "fa-arrow-circle-o-left": {},
            "fa-arrow-circle-o-right": {},
            "fa-arrow-circle-o-up": {},
            "fa-arrow-circle-right": {},
            "fa-arrow-circle-up": {},
            "fa-arrow-down": {},
            "fa-arrow-left": {},
            "fa-arrow-right": {},
            "fa-arrow-up": {},
            "fa-arrows-alt": {},
            "fa-arrows-h": {},
            "fa-arrows-v": {},
            "fa-arrows": {},
            "fa-asterisk": {},
            "fa-automobile": {},
            "fa-backward": {},
            "fa-ban": {},
            "fa-bank": {},
            "fa-bar-chart-o": {},
            "fa-barcode": {},
            "fa-bars": {},
            "fa-beer": {},
            "fa-behance-square": {},
            "fa-behance": {},
            "fa-bell-o": {},
            "fa-bell": {},
            "fa-bitbucket-square": {},
            "fa-bitbucket": {},
            "fa-bitcoin": {},
            "fa-bold": {},
            "fa-bolt": {},
            "fa-bomb": {},
            "fa-book": {},
            "fa-bookmark-o": {},
            "fa-bookmark": {},
            "fa-briefcase": {},
            "fa-btc": {},
            "fa-bug": {},
            "fa-building-o": {},
            "fa-building": {},
            "fa-bullhorn": {},
            "fa-bullseye": {},
            "fa-cab": {},
            "fa-calendar-o": {},
            "fa-calendar": {},
            "fa-camera-retro": {},
            "fa-camera": {},
            "fa-car": {},
            "fa-caret-down": {},
            "fa-caret-left": {},
            "fa-caret-right": {},
            "fa-caret-square-o-down": {},
            "fa-caret-square-o-left": {},
            "fa-caret-square-o-right": {},
            "fa-caret-square-o-up": {},
            "fa-caret-up": {},
            "fa-certificate": {},
            "fa-chain-broken": {},
            "fa-chain": {},
            "fa-check-circle-o": {},
            "fa-check-circle": {},
            "fa-check-square-o": {},
            "fa-check-square": {},
            "fa-check": {},
            "fa-chevron-circle-down": {},
            "fa-chevron-circle-left": {},
            "fa-chevron-circle-right": {},
            "fa-chevron-circle-up": {},
            "fa-chevron-down": {},
            "fa-chevron-left": {},
            "fa-chevron-right": {},
            "fa-chevron-up": {},
            "fa-child": {},
            "fa-circle-o-notch": {},
            "fa-circle-o": {},
            "fa-circle-thin": {},
            "fa-circle": {},
            "fa-clipboard": {},
            "fa-clock-o": {},
            "fa-cloud-download": {},
            "fa-cloud-upload": {},
            "fa-cloud": {},
            "fa-cny": {},
            "fa-code-fork": {},
            "fa-code": {},
            "fa-codepen": {},
            "fa-coffee": {},
            "fa-cog": {},
            "fa-cogs": {},
            "fa-columns": {},
            "fa-comment-o": {},
            "fa-comment": {},
            "fa-comments-o": {},
            "fa-comments": {},
            "fa-compass": {},
            "fa-compress": {},
            "fa-copy": {},
            "fa-credit-card": {},
            "fa-crop": {},
            "fa-crosshairs": {},
            "fa-css3": {},
            "fa-cube": {},
            "fa-cubes": {},
            "fa-cut": {},
            "fa-cutlery": {},
            "fa-dashboard": {},
            "fa-database": {},
            "fa-dedent": {},
            "fa-delicious": {},
            "fa-desktop": {},
            "fa-deviantart": {},
            "fa-digg": {},
            "fa-dollar": {},
            "fa-dot-circle-o": {},
            "fa-download": {},
            "fa-dribbble": {},
            "fa-dropbox": {},
            "fa-drupal": {},
            "fa-edit": {},
            "fa-eject": {},
            "fa-ellipsis-h": {},
            "fa-ellipsis-v": {},
            "fa-empire": {},
            "fa-envelope-o": {},
            "fa-envelope-square": {},
            "fa-envelope": {},
            "fa-eraser": {},
            "fa-eur": {},
            "fa-euro": {},
            "fa-exchange": {},
            "fa-exclamation-circle": {},
            "fa-exclamation-triangle": {},
            "fa-exclamation": {},
            "fa-expand": {},
            "fa-external-link-square": {},
            "fa-external-link": {},
            "fa-eye-slash": {},
            "fa-eye": {},
            "fa-facebook-square": {},
            "fa-facebook": {},
            "fa-fast-backward": {},
            "fa-fast-forward": {},
            "fa-fax": {},
            "fa-female": {},
            "fa-fighter-jet": {},
            "fa-file-archive-o": {},
            "fa-file-audio-o": {},
            "fa-file-code-o": {},
            "fa-file-excel-o": {},
            "fa-file-image-o": {},
            "fa-file-movie-o": {},
            "fa-file-o": {},
            "fa-file-pdf-o": {},
            "fa-file-photo-o": {},
            "fa-file-picture-o": {},
            "fa-file-powerpoint-o": {},
            "fa-file-sound-o": {},
            "fa-file-text-o": {},
            "fa-file-text": {},
            "fa-file-video-o": {},
            "fa-file-word-o": {},
            "fa-file-zip-o": {},
            "fa-file": {},
            "fa-files-o": {},
            "fa-film": {},
            "fa-filter": {},
            "fa-fire-extinguisher": {},
            "fa-fire": {},
            "fa-flag-checkered": {},
            "fa-flag-o": {},
            "fa-flag": {},
            "fa-flash": {},
            "fa-flask": {},
            "fa-flickr": {},
            "fa-floppy-o": {},
            "fa-folder-o": {},
            "fa-folder-open-o": {},
            "fa-folder-open": {},
            "fa-folder": {},
            "fa-font": {},
            "fa-forward": {},
            "fa-foursquare": {},
            "fa-frown-o": {},
            "fa-gamepad": {},
            "fa-gavel": {},
            "fa-gbp": {},
            "fa-ge": {},
            "fa-gear": {},
            "fa-gears": {},
            "fa-gift": {},
            "fa-git-square": {},
            "fa-git": {},
            "fa-github-alt": {},
            "fa-github-square": {},
            "fa-github": {},
            "fa-gittip": {},
            "fa-glass": {},
            "fa-globe": {},
            "fa-google-plus-square": {},
            "fa-google-plus": {},
            "fa-google": {},
            "fa-graduation-cap": {},
            "fa-group": {},
            "fa-h-square": {},
            "fa-hacker-news": {},
            "fa-hand-o-down": {},
            "fa-hand-o-left": {},
            "fa-hand-o-right": {},
            "fa-hand-o-up": {},
            "fa-hdd-o": {},
            "fa-header": {},
            "fa-headphones": {},
            "fa-heart-o": {},
            "fa-heart": {},
            "fa-history": {},
            "fa-home": {},
            "fa-hospital-o": {},
            "fa-html5": {},
            "fa-image": {},
            "fa-inbox": {},
            "fa-indent": {},
            "fa-info-circle": {},
            "fa-info": {},
            "fa-inr": {},
            "fa-instagram": {},
            "fa-institution": {},
            "fa-italic": {},
            "fa-joomla": {},
            "fa-jpy": {},
            "fa-jsfiddle": {},
            "fa-key": {},
            "fa-keyboard-o": {},
            "fa-krw": {},
            "fa-language": {},
            "fa-laptop": {},
            "fa-leaf": {},
            "fa-legal": {},
            "fa-lemon-o": {},
            "fa-level-down": {},
            "fa-level-up": {},
            "fa-life-bouy": {},
            "fa-life-ring": {},
            "fa-life-saver": {},
            "fa-lightbulb-o": {},
            "fa-link": {},
            "fa-linkedin-square": {},
            "fa-linkedin": {},
            "fa-linux": {},
            "fa-list-alt": {},
            "fa-list-ol": {},
            "fa-list-ul": {},
            "fa-list": {},
            "fa-location-arrow": {},
            "fa-lock": {},
            "fa-long-arrow-down": {},
            "fa-long-arrow-left": {},
            "fa-long-arrow-right": {},
            "fa-long-arrow-up": {},
            "fa-magic": {},
            "fa-magnet": {},
            "fa-mail-forward": {},
            "fa-mail-reply-all": {},
            "fa-mail-reply": {},
            "fa-male": {},
            "fa-map-marker": {},
            "fa-maxcdn": {},
            "fa-medkit": {},
            "fa-meh-o": {},
            "fa-microphone-slash": {},
            "fa-microphone": {},
            "fa-minus-circle": {},
            "fa-minus-square-o": {},
            "fa-minus-square": {},
            "fa-minus": {},
            "fa-mobile-phone": {},
            "fa-mobile": {},
            "fa-money": {},
            "fa-moon-o": {},
            "fa-mortar-board": {},
            "fa-music": {},
            "fa-navicon": {},
            "fa-openid": {},
            "fa-outdent": {},
            "fa-pagelines": {},
            "fa-paper-plane-o": {},
            "fa-paper-plane": {},
            "fa-paperclip": {},
            "fa-paragraph": {},
            "fa-paste": {},
            "fa-pause": {},
            "fa-paw": {},
            "fa-pencil-square-o": {},
            "fa-pencil-square": {},
            "fa-pencil": {},
            "fa-phone-square": {},
            "fa-phone": {},
            "fa-photo": {},
            "fa-picture-o": {},
            "fa-pied-piper-alt": {},
            "fa-pied-piper-square": {},
            "fa-pied-piper": {},
            "fa-pinterest-square": {},
            "fa-pinterest": {},
            "fa-plane": {},
            "fa-play-circle-o": {},
            "fa-play-circle": {},
            "fa-play": {},
            "fa-plus-circle": {},
            "fa-plus-square-o": {},
            "fa-plus-square": {},
            "fa-plus": {},
            "fa-power-off": {},
            "fa-print": {},
            "fa-puzzle-piece": {},
            "fa-qq": {},
            "fa-qrcode": {},
            "fa-question-circle": {},
            "fa-question": {},
            "fa-quote-left": {},
            "fa-quote-right": {},
            "fa-ra": {},
            "fa-random": {},
            "fa-rebel": {},
            "fa-recycle": {},
            "fa-reddit-square": {},
            "fa-reddit": {},
            "fa-refresh": {},
            "fa-renren": {},
            "fa-reorder": {},
            "fa-repeat": {},
            "fa-reply-all": {},
            "fa-reply": {},
            "fa-retweet": {},
            "fa-rmb": {},
            "fa-road": {},
            "fa-rocket": {},
            "fa-rotate-left": {},
            "fa-rotate-right": {},
            "fa-rouble": {},
            "fa-rss-square": {},
            "fa-rss": {},
            "fa-rub": {},
            "fa-ruble": {},
            "fa-rupee": {},
            "fa-save": {},
            "fa-scissors": {},
            "fa-search-minus": {},
            "fa-search-plus": {},
            "fa-search": {},
            "fa-send-o": {},
            "fa-send": {},
            "fa-share-alt-square": {},
            "fa-share-alt": {},
            "fa-share-square-o": {},
            "fa-share-square": {},
            "fa-share": {},
            "fa-shield": {},
            "fa-shopping-cart": {},
            "fa-sign-in": {},
            "fa-sign-out": {},
            "fa-signal": {},
            "fa-sitemap": {},
            "fa-skype": {},
            "fa-slack": {},
            "fa-sliders": {},
            "fa-smile-o": {},
            "fa-sort-alpha-asc": {},
            "fa-sort-alpha-desc": {},
            "fa-sort-amount-asc": {},
            "fa-sort-amount-desc": {},
            "fa-sort-asc": {},
            "fa-sort-desc": {},
            "fa-sort-down": {},
            "fa-sort-numeric-asc": {},
            "fa-sort-numeric-desc": {},
            "fa-sort-up": {},
            "fa-sort": {},
            "fa-soundcloud": {},
            "fa-space-shuttle": {},
            "fa-spinner": {},
            "fa-spoon": {},
            "fa-spotify": {},
            "fa-square-o": {},
            "fa-square": {},
            "fa-stack-exchange": {},
            "fa-stack-overflow": {},
            "fa-star-half-empty": {},
            "fa-star-half-full": {},
            "fa-star-half-o": {},
            "fa-star-half": {},
            "fa-star-o": {},
            "fa-star": {},
            "fa-steam-square": {},
            "fa-steam": {},
            "fa-step-backward": {},
            "fa-step-forward": {},
            "fa-stethoscope": {},
            "fa-stop": {},
            "fa-strikethrough": {},
            "fa-stumbleupon-circle": {},
            "fa-stumbleupon": {},
            "fa-subscript": {},
            "fa-suitcase": {},
            "fa-sun-o": {},
            "fa-superscript": {},
            "fa-support": {},
            "fa-table": {},
            "fa-tablet": {},
            "fa-tachometer": {},
            "fa-tag": {},
            "fa-tags": {},
            "fa-tasks": {},
            "fa-taxi": {},
            "fa-tencent-weibo": {},
            "fa-terminal": {},
            "fa-text-height": {},
            "fa-text-width": {},
            "fa-th-large": {},
            "fa-th-list": {},
            "fa-th": {},
            "fa-thumb-tack": {},
            "fa-thumbs-down": {},
            "fa-thumbs-o-down": {},
            "fa-thumbs-o-up": {},
            "fa-thumbs-up": {},
            "fa-ticket": {},
            "fa-times-circle-o": {},
            "fa-times-circle": {},
            "fa-times": {},
            "fa-tint": {},
            "fa-toggle-down": {},
            "fa-toggle-left": {},
            "fa-toggle-right": {},
            "fa-toggle-up": {},
            "fa-trash-o": {},
            "fa-tree": {},
            "fa-trello": {},
            "fa-trophy": {},
            "fa-truck": {},
            "fa-try": {},
            "fa-tumblr-square": {},
            "fa-tumblr": {},
            "fa-turkish-lira": {},
            "fa-twitter-square": {},
            "fa-twitter": {},
            "fa-umbrella": {},
            "fa-underline": {},
            "fa-undo": {},
            "fa-university": {},
            "fa-unlink": {},
            "fa-unlock-alt": {},
            "fa-unlock": {},
            "fa-unsorted": {},
            "fa-upload": {},
            "fa-usd": {},
            "fa-user-md": {},
            "fa-user": {},
            "fa-users": {},
            "fa-video-camera": {},
            "fa-vimeo-square": {},
            "fa-vine": {},
            "fa-vk": {},
            "fa-volume-down": {},
            "fa-volume-off": {},
            "fa-volume-up": {},
            "fa-warning": {},
            "fa-wechat": {},
            "fa-weibo": {},
            "fa-weixin": {},
            "fa-wheelchair": {},
            "fa-windows": {},
            "fa-won": {},
            "fa-wordpress": {},
            "fa-wrench": {},
            "fa-xing-square": {},
            "fa-xing": {},
            "fa-yahoo": {},
            "fa-yen": {},
            "fa-youtube-play": {},
            "fa-youtube-square": {},
            "fa-youtube": {}
         }
      }
   },
   "baseTheme": "LightningDesign",
   "isMobile": false,
   "themeSettings": {
      "visualizations": {
         "chart": {},
         "geochart": {
            "background": "#9bc6cf",
            "nullColor": "#eee"
         }
      }
   },
   "timeStamp": 1468866895697,
   "id": "clsuithemezip",
   "initialized": true
}