{
	"lessVars": {
		"sk-fieldeditor-item-background": "white",
		"sk-fieldeditor-section-border": "1px solid black",
		"sk-fieldeditor-section-box-shadow": "2px 2px 4px 3px #cccccc",
		"sk-fieldeditor-section-header-font": "italic, normal, 1em, null, undefined",
		"sk-fieldeditor-section-header-color": "black",
		"sk-fieldeditor-section-header-background": "white",
		"sk-field-background": "white",
		"sk-field-border": "1px solid white",
		"sk-field-font": "null, null, 1em, null, undefined",
		"sk-field-color": "black",
		"sk-field-border-radius": "24px",
		"sk-fieldeditor-item-font": "normal, normal, 1em, null, undefined",
		"sk-fieldeditor-fieldtext-color": "black"
	},
	"webFonts": {
		"google": [],
		"custom": []
	},
	"cssResources": [],
	"baseTheme": "Classic",
	"isMobile": false,
	"themeSettings": {
		"visualizations": {
			"chart": {},
			"geochart": {
				"background": "#9bc6cf",
				"nullColor": "#eee"
			}
		}
	},
	"themeSettingsLocal": {
		"visualizations": {
			"chart": {},
			"geochart": {
				"background": "#9bc6cf",
				"nullColor": "#eee"
			}
		}
	},
	"timeStamp": 1569860761046,
	"migrations": {
		"millau": "1569860581717"
	},
	"id": "CustomSkuidPages",
	"initialized": true
}