{
	"lessVars": {
		"sk-field-background": "white"
	},
	"webFonts": {
		"google": [],
		"custom": []
	},
	"cssResources": [],
	"baseTheme": "Classic",
	"isMobile": false,
	"themeSettings": {
		"visualizations": {
			"chart": {},
			"geochart": {
				"background": "#9bc6cf",
				"nullColor": "#eee"
			}
		}
	},
	"themeSettingsLocal": {
		"visualizations": {
			"chart": {},
			"geochart": {
				"background": "#9bc6cf",
				"nullColor": "#eee"
			}
		}
	},
	"timeStamp": 1569827955492,
	"migrations": {
		"millau": "1569827901580"
	},
	"id": "CustomClassic",
	"initialized": true
}